{"cameraMode":{"drawMode":0,"name":"Shaded","section":"Shading Mode"},"sceneLighting":false,"audioPlay":false,"sceneViewState":{"m_AlwaysRefresh":true,"showFog":true,"showSkybox":false,"showFlares":true,"showImageEffects":true,"showParticleSystems":true,"showVisualEffectGraphs":true,"m_FxEnabled":true},"in2DMode":false,"pivot":{"x":-0.00000286102294921875,"y":0.2297709584236145,"z":-3.809999465942383},"rotation":{"x":-0.041914310306310657,"y":0.48714324831962588,"z":-0.02335982955992222,"w":-0.8720422387123108},"size":4.282997131347656,"orthographic":false}