{"cameraMode":{"drawMode":0,"name":"Shaded","section":"Shading Mode"},"sceneLighting":false,"audioPlay":false,"sceneViewState":{"m_AlwaysRefresh":true,"showFog":true,"showSkybox":false,"showFlares":true,"showImageEffects":true,"showParticleSystems":true,"showVisualEffectGraphs":true,"m_FxEnabled":true},"in2DMode":false,"pivot":{"x":-0.26977548003196719,"y":-0.3465770184993744,"z":-0.3026430308818817},"rotation":{"x":0.030051670968532563,"y":0.668931782245636,"z":-0.027139054611325265,"w":0.7422768473625183},"size":0.780985414981842,"orthographic":false}