{"cameraMode":{"drawMode":0,"name":"Shaded","section":"Shading Mode"},"sceneLighting":false,"audioPlay":false,"sceneViewState":{"m_AlwaysRefresh":true,"showFog":true,"showSkybox":false,"showFlares":true,"showImageEffects":true,"showParticleSystems":true,"showVisualEffectGraphs":true,"m_FxEnabled":true},"in2DMode":false,"pivot":{"x":-0.06810885667800904,"y":-0.07060909271240235,"z":-2.335280179977417},"rotation":{"x":-0.14436282217502595,"y":0.256062388420105,"z":-0.03864142298698425,"w":-0.9550773501396179},"size":1.1416795253753663,"orthographic":false}