{"cameraMode":{"drawMode":0,"name":"Shaded","section":"Shading Mode"},"sceneLighting":true,"audioPlay":false,"sceneViewState":{"m_AlwaysRefresh":true,"showFog":true,"showSkybox":true,"showFlares":true,"showImageEffects":true,"showParticleSystems":true,"showVisualEffectGraphs":true,"m_FxEnabled":true},"in2DMode":false,"pivot":{"x":-0.1014140248298645,"y":3.555314302444458,"z":-5.530604362487793},"rotation":{"x":-0.01930088922381401,"y":-0.13958553969860078,"z":0.0027787501458078624,"w":-0.990090012550354},"size":0.3668230175971985,"orthographic":false}