{"cameraMode":{"drawMode":0,"name":"Shaded","section":"Shading Mode"},"sceneLighting":false,"audioPlay":false,"sceneViewState":{"m_AlwaysRefresh":false,"showFog":true,"showSkybox":false,"showFlares":true,"showImageEffects":true,"showParticleSystems":true,"showVisualEffectGraphs":true,"m_FxEnabled":true},"in2DMode":false,"pivot":{"x":63.05586242675781,"y":4.375725746154785,"z":94.08890533447266},"rotation":{"x":-0.013723667711019516,"y":0.35585516691207888,"z":0.00523412087932229,"w":0.9344452619552612},"size":48.580055236816409,"orthographic":false}