{"cameraMode":{"drawMode":0,"name":"Shaded","section":"Shading Mode"},"sceneLighting":false,"audioPlay":false,"sceneViewState":{"m_AlwaysRefresh":true,"showFog":true,"showSkybox":false,"showFlares":true,"showImageEffects":true,"showParticleSystems":true,"showVisualEffectGraphs":true,"m_FxEnabled":true},"in2DMode":false,"pivot":{"x":6.697028636932373,"y":2.6436924934387209,"z":-23.486797332763673},"rotation":{"x":0.08602554351091385,"y":-0.2292451411485672,"z":0.020299136638641359,"w":0.9693785905838013},"size":1.7082489728927613,"orthographic":false}