{"cameraMode":{"drawMode":0,"name":"Shaded","section":"Shading Mode"},"sceneLighting":false,"audioPlay":false,"sceneViewState":{"m_AlwaysRefresh":true,"showFog":true,"showSkybox":false,"showFlares":true,"showImageEffects":true,"showParticleSystems":true,"showVisualEffectGraphs":true,"m_FxEnabled":true},"in2DMode":false,"pivot":{"x":309.35028076171877,"y":1650.9478759765625,"z":241.8953857421875},"rotation":{"x":-0.06828023493289948,"y":-0.13779370486736298,"z":0.009589609690010548,"w":-0.9881296753883362},"size":1056.814697265625,"orthographic":false}